ProductSize,0.35663718070375466
Enclosure-EROPS w AC,0.19334669624968434
ProductGroup-SSL,0.16544319604406016
YearsAge,0.12163595658727172
power_min,0.087555525131839604
Coupler_System-,0.0471330026078179
YearMade,0.0063835952231835703
MfgID-26,0.0059839085274177072
fiSecondaryDesc-G,0.0055449370151523627
Forks-None,0.0017034850317906136
fiModelDesc,0.0015435537045758688
power_max,0.0010869215552429482
Drive_System-Two Wheel Drive,0.0010780390153186927
ModelID,0.00091917609414602156
fiBaseModel,0.00038262050303565699
Track_Type-Steel,0.0003676801817109069
Hydraulics_Flow-,0.00033378767394324105
fiSecondaryDesc-H,0.00027897869196561375
Enclosure-OROPS,0.00021453086966322633
Drive_System-Four Wheel Drive,0.00020792431539883298
Forks-,0.00020222658228519818
cpi,0.00018699269118155475
Ride_Control-,0.00018487745168412344
fiModelDescriptor,0.00013924183611776548
Thumb-None,0.0001178753844505857
Hydraulics-2 Valve,7.2130792140318823e-05
MachineID,5.4775030534731207e-05
MachineHoursCurrentMeter,4.7379667579573742e-05
power_u-Weight - Metric Tons,4.1766963705856401e-05
fiSecondaryDesc-N,3.9582793745256698e-05
Track_Type-,3.8596584999706603e-05
MfgID-74,3.8517919113573035e-05
SaleMonth,3.5977142036125718e-05
Coupler-,3.341571758455641e-05
ProductGroup-MG,3.1790830937163829e-05
Blade_Width,3.1110059253246615e-05
fiSecondaryDesc-,3.1012251168230061e-05
fiModelSeries-,2.9452980633680597e-05
SaleDay,2.8778402981360024e-05
Scarifier-,2.8244105407878761e-05
fiSecondaryDesc-B,2.801425867863952e-05
Enclosure-EROPS,2.5201004785250566e-05
MfgID-43,2.473077370462332e-05
fiSecondaryDesc-L,2.3621571749815095e-05
Coupler-None,2.2834627638453307e-05
ProductGroup-TTT,1.8782406418356384e-05
fiSecondaryDesc-E,1.8335654016903676e-05
Pushblock-Yes,1.7633212698418024e-05
fiModelSeries--7,1.6581386216785711e-05
fiSecondaryDesc-C,1.6110811572126515e-05
fiSecondaryDesc-K,1.5234545412491565e-05
Ripper-None,1.45973257943292e-05
Tip_Control-None,1.4038210891360627e-05
Ripper-Yes,1.3532102570078599e-05
fiSecondaryDesc-SUPER L,1.3345486044021425e-05
SaleWkDay,1.329851239378658e-05
fiBaseModelL-P,1.2777312580841192e-05
Engine_Horsepower-,1.199280265108164e-05
MfgID-55,1.0294551232760233e-05
MfgID-103,1.0158511317990281e-05
Pattern_Changer-None,9.1967062595538371e-06
fiSecondaryDesc-LE,8.7972366442906168e-06
MfgID-121,8.7748412040124508e-06
Thumb-,8.5487691213724898e-06
fiSecondaryDesc-D,8.4771171701945846e-06
ProductGroup-TEX,8.2999925433689369e-06
UsageBand,8.2829607200360971e-06
Stick_Length,7.9683264566157199e-06
power_u-Horsepower,7.4862193995055459e-06
fiBaseModelL-S,6.5802351902068777e-06
auctioneerID-2.0,5.8303695125034413e-06
Scarifier-Yes,5.5870910449719343e-06
fiBaseModelL-E,5.5829679946757607e-06
fiModelSeries-LC,5.570172076264993e-06
fiBaseModelL-G,5.5010264194201747e-06
MfgID-129,5.4986801038822152e-06
MfgID-25,5.4774865089157056e-06
Hydraulics-Base + 1 Function,5.2450584020319531e-06
datasource,5.1800315248645919e-06
fiModelSeries--6,5.164899193362975e-06
Undercarriage_Pad_Width,4.8964474194389608e-06
MfgID-166,4.4629321504670896e-06
Forks-Yes,4.3826000277989126e-06
MfgID-92,4.3014364264808257e-06
MfgID-40,4.2284312368073887e-06
Drive_System-No,4.1791402341097022e-06
Pad_Type-None,4.1624800750884626e-06
state-Florida,4.0181015576683422e-06
Travel_Controls-None,3.7146702756494071e-06
auctioneerID-1.0,3.6678146444318005e-06
Blade_Extension-None,3.6242181854568681e-06
Blade_Type-PAT,3.5841005036307511e-06
Hydraulics-Standard,3.5291414464935576e-06
state-Texas,3.4685176949407113e-06
Enclosure_Type-None,3.4073696504711498e-06
Backhoe_Mounting-None,3.3863129789656476e-06
fiBaseModelL-D,3.3064201521442722e-06
Transmission-Standard,3.2596923599407286e-06
state-California,3.2596525931461206e-06
Ripper-,3.203187496516403e-06
fiSecondaryDesc-A,3.0296522890208031e-06
state-Nevada,3.0165470745480601e-06
Steering_Controls-Conventional,3.0087756000683631e-06
Blade_Type-None,3.004449404928872e-06
fiBaseModelL-,2.9971682364901346e-06
state-New Jersey,2.9617496257099016e-06
Ride_Control-No,2.8095717121319847e-06
state-Washington,2.7847921132544814e-06
MfgID-176,2.7798467248204498e-06
fiBaseModelL-M,2.7017700565869196e-06
Drive_System-,2.6389286563944743e-06
Pushblock-None,2.6215131568574236e-06
state-Colorado,2.5802395872329425e-06
Transmission-,2.5423067548671419e-06
fiSecondaryDesc-3,2.5097845198900169e-06
fiBaseModelL-R,2.4617692535639918e-06
Grouser_Type-Triple,2.3434847542911655e-06
fiSecondaryDesc-CR,2.3130424381838673e-06
fiSecondaryDesc-F,2.30649084926831e-06
auctioneerID-0.0,2.285288792723043e-06
Hydraulics-Auxiliary,2.267692221438874e-06
auctioneerID-99.0,2.2317792632612184e-06
Track_Type-Rubber,2.212455561198038e-06
state-Maryland,2.1888362522544567e-06
MfgID-86,2.1865264336815492e-06
ProductGroup-WL,2.1490366370136223e-06
fiSecondaryDesc-R,2.1490169484633556e-06
Coupler-Manual,2.1060145225084737e-06
Ripper-Single Shank,2.0899925904965103e-06
state-Ohio,2.085440429251828e-06
MfgID-335,2.0770591870785287e-06
state-Illinois,2.0461263835101814e-06
Engine_Horsepower-No,2.0107175018609145e-06
Grouser_Type-Double,2.0033157084870776e-06
auctioneerID-6.0,1.9662671606654761e-06
Stick-Extended,1.9559457890161323e-06
MfgID-54,1.9395713955152986e-06
Coupler_System-None,1.9233144074058666e-06
Steering_Controls-,1.9215465595057e-06
state-Virginia,1.9138504278103207e-06
state-Mississippi,1.9131698187239291e-06
state-Missouri,1.9015738377760116e-06
Blade_Type-,1.8873881669364726e-06
Ripper-Multi Shank,1.8856804406552198e-06
auctioneerID-15.0,1.8417076756175896e-06
state-Minnesota,1.8174157235740886e-06
state-Pennsylvania,1.8124393737609708e-06
auctioneerID-3.0,1.8094496342089692e-06
state-Tennessee,1.781579806128553e-06
Travel_Controls-Differential Steer,1.7563157452915829e-06
fiModelSeries--1,1.7233069828947561e-06
state-Georgia,1.6964001046502146e-06
Stick-Standard,1.6948003696477009e-06
auctioneerID-12.0,1.6936467653147038e-06
auctioneerID-4.0,1.6922832020491984e-06
Ride_Control-None,1.6867728239199124e-06
Differential_Type-Standard,1.6680170420642906e-06
Grouser_Tracks-None,1.6582978194569623e-06
MfgID-158,1.6492932818490443e-06
auctioneerID-8.0,1.6335250534821428e-06
auctioneerID-22.0,1.6309474191724918e-06
MfgID-168,1.6289907382862466e-06
Blade_Type-U,1.6119505563504529e-06
MfgID-135,1.6103229678524148e-06
state-Louisiana,1.5862536240788004e-06
state-Arizona,1.5740686682081109e-06
state-Indiana,1.5504795626778525e-06
MfgID-1020,1.5456434857684928e-06
Hydraulics_Flow-Standard,1.5421759650139472e-06
state-South Carolina,1.4846153455459045e-06
fiSecondaryDesc-LC,1.484312785362031e-06
state-Alabama,1.4822009266719245e-06
state-North Carolina,1.4614941236035257e-06
auctioneerID-16.0,1.4527933528381369e-06
Coupler-Hydraulic,1.4521280715084681e-06
fiBaseModelL-L,1.4112623232178448e-06
fiBaseModelL-F,1.4065630552724754e-06
state-Connecticut,1.3882827406696598e-06
state-New York,1.3749830119883814e-06
fiSecondaryDesc-P,1.3632345638630546e-06
Blade_Type-Straight,1.3470320041909825e-06
MfgID-6,1.3368878651496063e-06
fiBaseModelL-H,1.310896513190496e-06
state-Alaska,1.2922015305279897e-06
fiSecondaryDesc-PX,1.2062459148875581e-06
state-Kentucky,1.1990304554426598e-06
state-Hawaii,1.1955032524478983e-06
Thumb-Hydraulic,1.135048430189572e-06
fiBaseModelL-B,1.1247539928048102e-06
state-Unspecified,1.1057436796902675e-06
fiModelSeries--5,1.0757487338667108e-06
state-Wisconsin,1.0396468342080131e-06
Hydraulics-,1.03860098215382e-06
state-Arkansas,1.0143044020219753e-06
fiModelSeries--2,1.0121958019145315e-06
Transmission-Powershift,1.000861231510715e-06
state-Maine,9.9545968306469152e-07
state-Utah,9.7961446433400612e-07
auctioneerID-9.0,9.7707033817761022e-07
Tip_Control-Sideshift & Tip,9.6823178582544642e-07
state-New Hampshire,9.4710673670594784e-07
MfgID-46,9.2831282169169991e-07
Transmission-None,9.2492849257988918e-07
auctioneerID-23.0,9.1517408983138631e-07
ProductGroup-BL,9.1504445786475546e-07
MfgID-99,9.1257761861751473e-07
auctioneerID-5.0,9.0087425986664275e-07
fiSecondaryDesc-Q,8.9949439412583672e-07
fiSecondaryDesc-SUPER M,8.9484040805414672e-07
fiModelSeries--21,8.8134737025864959e-07
fiBaseModelL-T,8.8021141216700298e-07
fiBaseModelL-W,8.6907878556201217e-07
Differential_Type-,8.6628318447419864e-07
fiModelSeries--8,8.5530764328754384e-07
state-New Mexico,8.5527908631815101e-07
Blade_Type-Semi U,8.5378882700591356e-07
fiSecondaryDesc-HD,8.3733493627480259e-07
power_u-,8.2857564323861018e-07
power_u-Standard Digging Depth - Ft,8.2567414051610362e-07
MfgID-95,8.1061241776694922e-07
Turbocharged-None,8.0977142086691688e-07
state-Iowa,7.8765452360901244e-07
Thumb-Manual,7.8580513983760575e-07
fiSecondaryDesc-S,7.8494807782854996e-07
auctioneerID-11.0,7.7224528613424132e-07
fiBaseModelL-I,7.5847939108930217e-07
Hydraulics-3 Valve,7.3927784482651797e-07
fiModelSeries-II,7.2422965115400284e-07
state-Oklahoma,7.2331769900684113e-07
state-Idaho,7.1929114426891496e-07
auctioneerID-7.0,7.1002734788178223e-07
state-Michigan,7.0019740038529155e-07
fiSecondaryDesc-UR,6.9693465216428434e-07
Pattern_Changer-Yes,6.9634657649557863e-07
auctioneerID-27.0,6.9034561670697771e-07
MfgID-1426,6.8855293578427608e-07
fiSecondaryDesc-SUPER K,6.6322032580137257e-07
Engine_Horsepower-Variable,6.625737637128295e-07
fiSecondaryDesc-J,6.5300436812369085e-07
fiSecondaryDesc-BL,6.4315492203174796e-07
MfgID-111,6.4002688736018396e-07
MfgID-8,6.3686285774618133e-07
state-Wyoming,6.280628806979707e-07
auctioneerID-14.0,6.2326941084717506e-07
MfgID-63,6.0434057670576394e-07
MfgID-122,6.0377664065777552e-07
state-Oregon,5.8241942590987684e-07
auctioneerID-19.0,5.7186754512242515e-07
fiSecondaryDesc-MR,5.6816622573080764e-07
fiModelSeries-7,5.4940397217000236e-07
auctioneerID-13.0,5.4712563234592067e-07
fiBaseModelL-Z,5.4105200264831801e-07
fiBaseModelL-C,5.3569676925726915e-07
Scarifier-None,5.3099856908466918e-07
fiSecondaryDesc-AX,5.2319528690450326e-07
fiSecondaryDesc-T,5.208490538446565e-07
auctioneerID-28.0,5.0202114246074172e-07
fiModelSeries-III,5.0198477097036872e-07
fiBaseModelL-U,4.987609839669902e-07
fiSecondaryDesc-SG,4.9391908467356402e-07
fiModelSeries--3,4.9093338909841583e-07
auctioneerID-18.0,4.6917476335343432e-07
Blade_Type-No,4.6769289799086375e-07
fiSecondaryDesc-US,4.6177286014264446e-07
fiSecondaryDesc-MXT,4.6079354742999494e-07
Ride_Control-Yes,4.4663260360811131e-07
fiBaseModelL-K,4.4542956375259104e-07
power_u-Operating Capacity - Lbs,4.4497818149099437e-07
fiSecondaryDesc-XT,4.3634500150459112e-07
fiSecondaryDesc-7,4.3156298253056683e-07
auctioneerID-10.0,4.1398931487411054e-07
fiSecondaryDesc-W,3.9052673754136566e-07
MfgID-109,3.8477089360847277e-07
state-Nebraska,3.7967736835143313e-07
MfgID-101,3.7338855077682632e-07
fiSecondaryDesc-M,3.4961876394237073e-07
fiSecondaryDesc-SR,3.3873028685265703e-07
Travel_Controls-2 Pedal,3.376718663890386e-07
state-Montana,3.340044903360305e-07
fiSecondaryDesc-SUPER E,3.3286102888255296e-07
MfgID-609,3.3126600365868425e-07
MfgID-167,3.2896878188040307e-07
fiModelSeries-2,3.2103696387512423e-07
Blade_Type-Angle,3.163356155375303e-07
MfgID-424,3.1605899581345105e-07
fiSecondaryDesc-SJ,3.0983478869627476e-07
MfgID-61,3.0473419850491325e-07
fiModelSeries-#NAME?,3.0326007556085041e-07
Pad_Type-Reversible,3.0297458580805294e-07
Transmission-Powershuttle,3.0284191125329078e-07
Hydraulics-4 Valve,3.0025031166143672e-07
fiBaseModelL-A,2.9705339590345525e-07
fiSecondaryDesc-UU,2.9678947994110852e-07
fiModelSeries--12,2.9494769548127113e-07
fiSecondaryDesc-SE,2.9213782835976092e-07
auctioneerID-20.0,2.8686925351296793e-07
auctioneerID-21.0,2.8610614114522861e-07
fiSecondaryDesc-EX,2.6896066563318463e-07
auctioneerID-17.0,2.5333068418130677e-07
Enclosure-,2.451374478457329e-07
MfgID-106,2.4294014743285478e-07
fiModelSeries-3,2.4095388158244679e-07
state-Rhode Island,2.3261493639601088e-07
fiBaseModelL-J,2.3174531640878098e-07
Travel_Controls-Lever,2.2993544439791988e-07
fiModelSeries-XT,2.2989663390816888e-07
fiSecondaryDesc-Z,2.1783685397515593e-07
fiModelSeries-V,2.1506818014374207e-07
state-West Virginia,2.1481280179098313e-07
auctioneerID-25.0,2.1252413847117145e-07
Enclosure_Type-High Profile,2.1073626081801834e-07
MfgID-115,2.0464048759095512e-07
Turbocharged-Yes,2.0370458989354668e-07
Transmission-Hydrostatic,1.9890513357653223e-07
MfgID-87,1.9251414630882321e-07
MfgID-163,1.9015912617070108e-07
Differential_Type-No Spin,1.8633573556417717e-07
MfgID-1129,1.8582330225777674e-07
fiModelSeries-IV,1.8023203695148632e-07
Steering_Controls-Command Control,1.7874279340903612e-07
fiSecondaryDesc-WD,1.7773140254193395e-07
fiSecondaryDesc-TC,1.7741548580088245e-07
state-North Dakota,1.7425691085950716e-07
MfgID-348,1.736886152014369e-07
MfgID-172,1.6871289184916412e-07
MfgID-405,1.6821318730125334e-07
Grouser_Tracks-Yes,1.626549687809921e-07
auctioneerID-24.0,1.5543489549664322e-07
MfgID-47,1.5102823811376051e-07
fiSecondaryDesc-URG,1.4648764954845537e-07
MfgID-184,1.4004849786283735e-07
Transmission-Direct Drive,1.3933757379607617e-07
Drive_System-All Wheel Drive,1.374956736264535e-07
MfgID-2552,1.3692793156011897e-07
MfgID-34,1.3489042828079164e-07
fiSecondaryDesc-ZTS,1.333766951468565e-07
fiModelSeries-22,1.330270055545182e-07
fiSecondaryDesc-AG,1.3238634748552968e-07
Travel_Controls-Finger Tip,1.2441650564522372e-07
state-Kansas,1.2100022612380542e-07
Enclosure_Type-Low Profile,1.1637638285797844e-07
Hydraulics_Flow-High Flow,1.1397779934808077e-07
Stick-,1.1195669294875502e-07
fiSecondaryDesc-SUPER LE,1.1013394912527922e-07
auctioneerID-26.0,1.0654769886347243e-07
fiSecondaryDesc-USR,9.9368439171125919e-08
MfgID-758,9.6110076887317188e-08
fiModelSeries--5LC,9.4145473012389348e-08
fiModelSeries--3LC,9.2275347680342712e-08
fiSecondaryDesc-ZF,9.1985152020763261e-08
fiModelSeries-5,9.0903655865089278e-08
MfgID-750,8.9912316681208327e-08
state-Delaware,8.770997389529444e-08
Coupler_System-Yes,8.7435563728525698e-08
state-Puerto Rico,8.6938050297617576e-08
MfgID-142,8.4769455649789168e-08
MfgID-847,8.0404759570132408e-08
MfgID-35,7.6743591100041871e-08
fiModelSeries-16,7.5216567623706261e-08
MfgID-77,7.509746055554276e-08
state-South Dakota,7.2538103701953925e-08
fiModelSeries-ZTS,7.0646390980962906e-08
Tip_Control-Tip,6.7921107986353582e-08
MfgID-470,6.7216578955462379e-08
state-Massachusetts,6.5279991353408662e-08
fiModelSeries--3L,6.4247929340491589e-08
fiSecondaryDesc-ZX,6.2916618209552349e-08
MfgID-800,6.2568429360817086e-08
Blade_Type-VPAT,6.2289269894844562e-08
Blade_Extension-Yes,6.1065391343689243e-08
fiSecondaryDesc-U,5.7687043012114883e-08
fiModelSeries-3C,5.6567241649649005e-08
fiBaseModelL-V,5.4491611849099973e-08
fiModelSeries--20,5.4073407743373854e-08
Pad_Type-Street,5.3660829323283394e-08
MfgID-1070,5.2307445675322725e-08
fiModelSeries--18,5.1332921684052392e-08
fiModelSeries-6,4.9855916892358758e-08
fiModelSeries--15,4.4676866344434904e-08
MfgID-801,4.3217183285439526e-08
fiSecondaryDesc-FR,4.2820044044681441e-08
Hydraulics_Flow-None,4.1365784675420961e-08
fiSecondaryDesc-LX,3.9361544011106917e-08
fiModelSeries--3PT,3.1884039643487772e-08
Differential_Type-Limited Slip,3.1055549896740019e-08
Travel_Controls-Pedal,2.8237111282692868e-08
MfgID-145,2.732032803221904e-08
MfgID-1172,2.6495134603481898e-08
fiModelSeries-18,2.5658283315339154e-08
fiSecondaryDesc-ZHS,2.5314427729135766e-08
MfgID-144,2.4800127203550098e-08
MfgID-448,2.41398055318172e-08
MfgID-89,2.3924908861172817e-08
fiModelSeries--2C,2.1526952130372822e-08
MfgID-160,2.1302721022434368e-08
MfgID-814,2.1016249404249066e-08
fiModelSeries--3MC,2.0669622395226127e-08
fiSecondaryDesc-LS,2.0540598684565423e-08
fiModelSeries--7E,2.0476571718847472e-08
MfgID-11,1.9911431102825578e-08
state-Vermont,1.9816009783679247e-08
fiSecondaryDesc-LGP,1.9573637270737469e-08
MfgID-554,1.8788287053648223e-08
MfgID-161,1.8760843243734119e-08
fiModelSeries--17,1.8140818369168691e-08
fiBaseModelL-X,1.8064266805434912e-08
power_u-Model,1.7430395714912296e-08
fiModelSeries--1L,1.557089624164375e-08
MfgID-23,1.4841298280441223e-08
power_u-Weight - Metric,1.4722529766270623e-08
MfgID-901,1.4571620452872952e-08
fiSecondaryDesc-LCM,1.4092331316028435e-08
MfgID-169,1.3353953151168124e-08
fiSecondaryDesc-SU,1.3040603814168256e-08
fiSecondaryDesc-SX,1.2686886225777055e-08
fiModelSeries--5E,1.2255361620614551e-08
fiModelSeries--16,1.157759995487333e-08
MfgID-15,1.1550981086967077e-08
fiModelSeries--5L,1.0820918663382417e-08
fiModelSeries-1,1.0783969965396713e-08
fiSecondaryDesc-ESS,1.0758109262387002e-08
fiSecondaryDesc-HAG,8.818124840303841e-09
fiSecondaryDesc-PT,8.0820408066749031e-09
fiModelSeries-VHP,7.7726942140746019e-09
fiSecondaryDesc-B     ,6.8329000987641701e-09
Pattern_Changer-,6.7307617909919082e-09
MfgID-1444,6.6210359467623366e-09
fiSecondaryDesc-TX,6.4502238047220896e-09
Hydraulics-Base + 4 Function,6.23504768668789e-09
MfgID-522,5.310071725321201e-09
fiSecondaryDesc-SRLC,5.3097546284035885e-09
MfgID-1190,4.7544685502500149e-09
MfgID-119,4.566635631807223e-09
Transmission-AutoShift,4.4329438350629365e-09
Pattern_Changer-No,4.3423710836825316e-09
fiModelSeries-IV-2,3.9193546697833428e-09
fiModelSeries-E,3.7794592832644358e-09
fiSecondaryDesc-TM,3.7022804165240907e-09
fiSecondaryDesc- MSR SPIN ACE,3.6322883293561767e-09
fiModelSeries--7B,3.6115292096382866e-09
fiModelSeries--2N,3.4550135935102043e-09
fiModelSeries-GALEO,3.3789288301702011e-09
fiModelSeries--3C,3.3428802003220661e-09
MfgID-57,3.2400077699885866e-09
fiSecondaryDesc-NX,3.0556128975581571e-09
Hydraulics-Base + 3 Function,2.8582241136551411e-09
MfgID-776,2.8530714452605893e-09
fiModelSeries-7.00E+00,2.8139604185534516e-09
fiModelSeries--6E,2.632663175224786e-09
fiModelSeries--1C,2.6142612575882282e-09
MfgID-748,2.5139644160318832e-09
fiModelSeries-L,2.4811994565294022e-09
Steering_Controls-Four Wheel Standard,2.4441286190246903e-09
MfgID-120,2.4409537220099103e-09
Hydraulics-Base + 5 Function,2.4110124876590169e-09
Travel_Controls-,2.2904403292869875e-09
fiModelSeries-A,2.1057178332146105e-09
fiModelSeries--6LC,2.0337918391712955e-09
Blade_Type-Landfill,2.0259910887341858e-09
Backhoe_Mounting-,1.7690088197303356e-09
fiModelSeries--21A,1.5540889687159617e-09
MfgID-94,1.4608879991460631e-09
fiSecondaryDesc-DXT,1.445744130386728e-09
MfgID-2999,1.3572576205902784e-09
Hydraulics-Base + 6 Function,1.2603658974996313e-09
fiModelSeries-5N,1.2496663924459751e-09
MfgID-629,1.1965728780884925e-09
fiModelSeries-15,1.1529357028648969e-09
fiModelSeries-2T,1.0994009750705935e-09
MfgID-1076,1.0915512072695203e-09
fiModelSeries--6LK,1.00637198214463e-09
Hydraulics-Base + 2 Function,9.7687088933424471e-10
MfgID-757,9.4797576126968522e-10
fiModelSeries-LT,8.2316481416134797e-10
fiModelSeries-WX,7.8782965163271417e-10
MfgID-68,7.3168585341197052e-10
fiSecondaryDesc-DZ,6.8604193723741952e-10
fiSecondaryDesc--2,6.6394080454430843e-10
fiModelSeries-20,6.5292650743566318e-10
fiModelSeries-AWS,6.2916396117133302e-10
fiModelSeries-8,5.6692283338104061e-10
MfgID-143,5.2195524504395921e-10
fiSecondaryDesc-HF,5.0726175890645787e-10
MfgID-114,4.2939064857411397e-10
fiModelSeries--3LK,3.7637719506807222e-10
fiSecondaryDesc-BZ,3.7532790468545512e-10
fiModelSeries--5H,3.5077322819490644e-10
fiSecondaryDesc-PL,2.6245843891252387e-10
fiModelSeries--11,2.1911873861927763e-10
fiBaseModelL-Y,2.1718386203184843e-10
fiModelSeries--3H,1.9246497535059059e-10
fiModelSeries-17,1.906659822351906e-10
Backhoe_Mounting-Yes,1.8718257691235515e-10
fiSecondaryDesc-MU,1.7368325268017341e-10
fiModelSeries-ZX,1.7298085468878972e-10
fiModelSeries-V-2,1.2196003192740071e-10
MfgID-726,1.0591954328103345e-10
fiSecondaryDesc-EL,9.3576778213409964e-11
fiSecondaryDesc-MT,8.8567017675965703e-11
Transmission-Autoshift,8.5762255556367974e-11
fiSecondaryDesc-JX,7.2000685518403316e-11
fiModelSeries--1.50E+01,4.0049349904146078e-11
fiModelSeries-TC,3.643608790131636e-11
fiSecondaryDesc-PG,2.9396274090806541e-11
fiModelSeries-21KomStatII,2.413371683521625e-11
fiModelSeries-12,9.7372370949076594e-12
fiModelSeries-D7,7.0550571275594939e-12
fiModelSeries--6C,5.9271277307927163e-12
fiModelSeries-H,5.3750765327002766e-12
MfgID-72,4.6011181378333694e-12
Pad_Type-Grouser,3.5911546731389793e-12
fiSecondaryDesc-HZ,2.6394160139689239e-12
Hydraulics-None,1.9833774618025007e-12
fiModelSeries--1B,1.9749407452299932e-13
fiModelSeries--3EO,0.0
fiModelSeries--3M,0.0
fiModelSeries-4,0.0
fiModelSeries-6LK,0.0
fiModelSeries-7A,0.0
fiModelSeries-D,0.0
fiModelSeries-VII,0.0
Steering_Controls-Wheel,0.0
Pushblock-,0.0
Blade_Extension-,0.0
Tip_Control-,0.0
MfgID-1089,0.0
MfgID-1335,0.0
MfgID-3,0.0
Differential_Type-Locking,0.0
Grouser_Type-,0.0
Enclosure_Type-,0.0
Pad_Type-,0.0
Grouser_Tracks-,0.0
Travel_Controls-1 Speed,0.0
Tire_Size,0.0
fiSecondaryDesc-#NAME?,0.0
fiSecondaryDesc--5,0.0
fiSecondaryDesc--5L,0.0
fiSecondaryDesc-0.7,0.0
fiSecondaryDesc-AW,0.0
fiSecondaryDesc-BEC,0.0
fiSecondaryDesc-BH,0.0
fiSecondaryDesc-BLT,0.0
fiSecondaryDesc-BZD,0.0
fiSecondaryDesc-C      ,0.0
fiSecondaryDesc-CH,0.0
fiSecondaryDesc-CS,0.0
fiSecondaryDesc-CX,0.0
fiSecondaryDesc-DX,0.0
fiSecondaryDesc-EST,0.0
fiSecondaryDesc-HDSL,0.0
fiSecondaryDesc-HL,0.0
fiSecondaryDesc-LC7LR,0.0
fiSecondaryDesc-LCD,0.0
fiSecondaryDesc-LCH,0.0
fiSecondaryDesc-LCLR,0.0
fiSecondaryDesc-LT,0.0
fiSecondaryDesc-MRX,0.0
fiSecondaryDesc-NL,0.0
fiSecondaryDesc-PS,0.0
fiSecondaryDesc-SP,0.0
fiSecondaryDesc-SUPER,0.0
fiSecondaryDesc-SUPER M PLUS,0.0
fiSecondaryDesc-SXT,0.0
fiSecondaryDesc-THF,0.0
fiSecondaryDesc-UNA,0.0
fiSecondaryDesc-V,0.0
fiSecondaryDesc-WT,0.0
fiSecondaryDesc-WX,0.0
fiSecondaryDesc-X,0.0
fiSecondaryDesc-XL,0.0
fiSecondaryDesc-XLT,0.0
fiSecondaryDesc-ZTM,0.0
Turbocharged-,0.0
fiBaseModelL-N,0.0
Enclosure-EROPS AC,0.0
Enclosure-None,0.0
